-- Добавление данных в таблицу passport
INSERT INTO cbr.passport (passport_id, passport_no, passport_series, first_nm, second_nm, birth_dt, issue_dt) 
VALUES 
(1, '123456', 'AB', 'Иван', 'Иванов', '1980-01-01', '2020-01-01'),
(2, '234567', 'BC', 'Петр', 'Петров', '1985-05-05', '2019-02-02'),
(3, '345678', 'CD', 'Мария', 'Сидорова', '1990-10-10', '2021-03-03'),
(4, '456789', 'DE', 'Анна', 'Иванова', '1975-12-15', '2018-04-04'),
(5, '567890', 'EF', 'Дмитрий', 'Павлов', '1995-07-20', '2022-05-05'),
(6, '678901', 'FG', 'Елена', 'Смирнова', '1982-03-18', '2017-06-06'),
(7, '789012', 'GH', 'Алексей', 'Козлов', '1993-08-25', '2016-09-07'),
(8, '890123', 'HI', 'Ольга', 'Федорова', '1978-11-30', '2015-12-08'),
(9, '901234', 'IJ', 'Артем', 'Морозов', '1987-04-05', '2014-03-09'),
(10, '012345', 'JK', 'Наталья', 'Ковалева', '1998-09-12', '2013-02-10'),
(11, '216191', 'AA', 'Александр', 'Иванов', '1990-01-01', '2010-01-01'),
(12, '132622', 'BB', 'Екатерина', 'Петрова', '1985-02-02', '2012-02-02'),
(13, '536393', 'CC', 'Михаил', 'Сидоров', '1980-03-03', '2015-03-03'),
(14, '414347', 'DD', 'Ольга', 'Козлова', '1975-04-04', '2017-04-04'),
(15, '152845', 'EE', 'Владимир', 'Федоров', '1970-05-05', '2019-05-05'),
(16, '668696', 'FF', 'Татьяна', 'Морозова', '1965-06-06', '2021-06-06'),
(17, '475079', 'GG', 'Денис', 'Ковалев', '1995-07-07', '2018-07-07'),
(18, '184888', 'HH', 'Елена', 'Смирнова', '1998-08-08', '2016-08-08'),
(19, '189890', 'II', 'Сергей', 'Павлов', '2000-09-09', '2013-09-09'),
(20, '020467', 'JJ', 'Наталья', 'Васильева', '1987-10-10', '2014-10-10');

-- Добавление данных в таблицу bank
INSERT INTO cbr.bank (bank_id, bank_nm, address_txt) 
VALUES 
(1, 'Сбербанк', 'Москва, ул. Вавилова, д. 19'),
(2, 'Альфа-Банк', 'Москва, ул. Кутузовская, д. 24'),
(3, 'ВТБ', 'Москва, ул. Мясницкая, д. 9'),
(4, 'Тинькофф', 'Москва, Ленинградский проспект, д. 16'),
(5, 'Газпромбанк', 'Москва, ул. Новый Арбат, д. 36'),
(6, 'Райффайзенбанк', 'Москва, ул. Ленина, д. 10');

-- Добавление данных в таблицу account_type
INSERT INTO cbr.account_type (acc_type_id, bank_id, start_dt, end_dt, acc_type_txt, replenishment_flg, transfer_flg, withdrawal_flg, comission_amt, min_balance_amt) 
VALUES 
(1, 1, '2020-01-01', NULL, 'Текущий', true, true, true, 0.0, 0.0),
(2, 1, '2020-01-01', '2023-05-15', 'Сберегательный', true, false, true, 0.0, 1000.0),
(3, 2, '2020-01-01', NULL, 'Текущий', true, true, true, 0.0, 0.0),
(4, 2, '2020-01-01', NULL, 'Сберегательный', true, false, true, 0.0, 1000.0),
(5, 3, '2020-01-01', NULL, 'Текущий', true, true, true, 0.0, 0.0),
(6, 3, '2020-01-01', NULL, 'Сберегательный', true, false, true, 0.0, 1000.0),
(7, 4, '2020-01-01', NULL, 'Текущий', true, true, true, 0.0, 0.0),
(8, 4, '2020-01-01', NULL, 'Сберегательный', true, false, true, 0.0, 1000.0),
(9, 5, '2020-01-01', NULL, 'Текущий', true, true, true, 0.0, 0.0),
(10, 5, '2020-01-01', NULL, 'Сберегательный', true, false, true, 0.0, 1000.0),
(11, 6, '2020-01-01', NULL, 'Текущий', true, true, true, 0.0, 0.0),
(12, 6, '2020-01-01', NULL, 'Сберегательный', true, false, true, 0.0, 1000.0),
(13, 1, '2020-01-01', NULL, 'Депозитный', false, false, false, 100.0, 10000.0),
(14, 2, '2020-01-01', '2023-07-20', 'Зарплатный', true, true, true, 0.0, 0.0),
(15, 3, '2020-01-01', NULL, 'Инвестиционный', false, true, true, 0.0, 10000.0),
(16, 4, '2020-01-01', '2023-05-15', 'Кредитный', false, false, false, 200.0, 0.0),
(17, 5, '2020-01-01', '2023-07-20', 'Ипотечный', false, false, false, 500.0, 0.0),
(18, 6, '2020-01-01', NULL, 'Рассчетный', true, true, true, 0.0, 0.0),
(19, 1, '2020-01-01', NULL, 'Доходный', true, true, true, 0.0, 0.0),
(20, 2, '2020-01-01', '2023-05-15', 'Резервный', true, false, true, 0.0, 5000.0);


-- Добавление данных в таблицу user
INSERT INTO cbr.user (user_id, passport_id, age_num, phone_num, email_txt) 
VALUES 
(1, 1, '40', '+12345678901', 'ivan@example.com'),
(2, 2, '35', '+19876543210', 'petr@example.com'),
(3, 3, '30', '+11223344556', 'maria@example.com'),
(4, 4, '45', '+15556667788', 'anna@example.com'),
(5, 5, '29', '+14443332211', 'dmitriy@example.com'),
(6, 6, '42', '+17778889900', 'elena@example.com'),
(7, 7, '28', '+16667778899', 'alexey@example.com'),
(8, 8, '43', '+13334445566', 'olga@example.com'),
(9, 9, '36', '+12223334455', 'artem@example.com'),
(10, 10, '25', '+11112223344', 'natalya@example.com'),
(11, 11, '32', '+12345678901', 'alex@example.com'),
(12, 12, '37', '+19876543210', 'ekaterina@example.com'),
(13, 13, '42', '+11223344556', 'mikhail@example.com'),
(14, 14, '47', '+15556667788', 'olga@example.com'),
(15, 15, '52', '+14443332211', 'vladimir@example.com'),
(16, 16, '57', '+17778889900', 'tatiana@example.com'),
(17, 17, '27', '+16667778899', 'denis@example.com'),
(18, 18, '26', '+13334445566', 'elena@example.com'),
(19, 19, '24', '+12223334455', 'sergey@example.com'),
(20, 20, '37', '+11112223344', 'natalya@example.com');

-- Добавление данных в таблицу account
INSERT INTO cbr.account (account_id, acc_type_id, cur_balance_amt) 
VALUES 
(1, 1, 1000.00),
(2, 2, 500.50),
(3, 3, 3000.00),
(4, 4, 1500.75),
(5, 5, 200.00),
(6, 6, 700.25),
(7, 7, 400.00),
(8, 8, 1200.00),
(9, 9, 800.50),
(10, 10, 600.75),
(11, 11, 950.00),
(12, 12, 2000.00),
(13, 13, 300.00),
(14, 14, 1800.50),
(15, 15, 700.25),
(16, 1, 400.00),
(17, 2, 1000.75),
(18, 10, 2200.00),
(19, 11, 750.00),
(20, 12, 1300.50);


-- Добавление данных в таблицу registry
INSERT INTO cbr.registry (reg_id, user_id, account_id, open_dt, close_dt) 
VALUES 
(1, 1, 1, '2023-01-15', NULL),
(2, 2, 2, '2023-02-20', NULL),
(3, 3, 3, '2023-03-10', '2023-12-31'),
(4, 4, 4, '2023-04-05', NULL),
(5, 5, 5, '2023-05-12', NULL),
(6, 6, 6, '2023-06-20', NULL),
(7, 7, 7, '2023-07-02', '2023-11-30'),
(8, 8, 8, '2023-08-10', NULL),
(9, 9, 9, '2023-09-18', NULL),
(10, 10, 10, '2023-10-25', '2023-12-31'),
(11, 1, 11, '2023-11-10', NULL),
(12, 2, 12, '2023-12-05', NULL),
(13, 3, 13, '2024-01-02', NULL),
(14, 4, 14, '2024-02-14', NULL),
(15, 5, 15, '2024-03-20', NULL),
(16, 6, 16, '2024-04-08', '2024-10-31'),
(17, 7, 17, '2024-05-15', NULL),
(18, 8, 18, '2024-06-20', NULL),
(19, 9, 19, '2024-07-12', NULL),
(20, 10, 20, '2024-08-30', NULL);
