-- Добавление данных в таблицу passport
INSERT INTO
    cbr.passport (
        passport_id,
        passport_no,
        passport_series,
        first_nm,
        second_nm,
        third_nm,
        birth_dt,
        issue_dt
    )
VALUES
    (
        1,
        '123456',
        'AB',
        'Иван',
        'Иванов',
        'Сергеевич',
        '1980-01-01',
        '2020-01-01'
    ),
    (
        2,
        '234567',
        'BC',
        'Петр',
        'Петров',
        'Иванович',
        '1985-05-05',
        '2019-02-02'
    ),
    (
        3,
        '345678',
        'CD',
        'Мария',
        'Сидорова',
        'Петровна',
        '1990-10-10',
        '2021-03-03'
    ),
    (
        4,
        '456789',
        'DE',
        'Анна',
        'Иванова',
        'Петровна',
        '1975-12-15',
        '2018-04-04'
    ),
    (
        5,
        '567890',
        'EF',
        'Дмитрий',
        'Павлов',
        'Иванович',
        '1995-07-20',
        '2022-05-05'
    ),
    (
        6,
        '678901',
        'FG',
        'Елена',
        'Смирнова',
        'Александровна',
        '1982-03-18',
        '2017-06-06'
    ),
    (
        7,
        '789012',
        'GH',
        'Алексей',
        'Козлов',
        'Игоревич',
        '1993-08-25',
        '2016-09-07'
    ),
    (
        8,
        '890123',
        'HI',
        'Ольга',
        'Федорова',
        'Александровна',
        '1978-11-30',
        '2015-12-08'
    ),
    (
        9,
        '901234',
        'IJ',
        'Артем',
        'Морозов',
        'Дмитриевич',
        '1987-04-05',
        '2014-03-09'
    ),
    (
        10,
        '012345',
        'JK',
        'Наталья',
        'Ковалева',
        'Андреевна',
        '1998-09-12',
        '2013-02-10'
    ),
    (
        11,
        '216191',
        'AA',
        'Александр',
        'Иванов',
        'Владимирович',
        '1990-01-01',
        '2010-01-01'
    ),
    (
        12,
        '132622',
        'BB',
        'Екатерина',
        'Петрова',
        'Дмитриевна',
        '1985-02-02',
        '2012-02-02'
    ),
    (
        13,
        '536393',
        'CC',
        'Михаил',
        'Сидоров',
        'Александрович',
        '1980-03-03',
        '2015-03-03'
    ),
    (
        14,
        '414347',
        'DD',
        'Ольга',
        'Козлова',
        'Сергеевна',
        '1975-04-04',
        '2017-04-04'
    ),
    (
        15,
        '152845',
        'EE',
        'Владимир',
        'Федоров',
        'Олегович',
        '1970-05-05',
        '2019-05-05'
    ),
    (
        16,
        '668696',
        'FF',
        'Татьяна',
        'Морозова',
        'Игоревна',
        '1965-06-06',
        '2021-06-06'
    ),
    (
        17,
        '475079',
        'GG',
        'Денис',
        'Ковалев',
        'Павлович',
        '1995-07-07',
        '2018-07-07'
    ),
    (
        18,
        '184888',
        'HH',
        'Елена',
        'Смирнова',
        'Денисовна',
        '1998-08-08',
        '2016-08-08'
    ),
    (
        19,
        '189890',
        'II',
        'Сергей',
        'Павлов',
        'Анатольевич',
        '2000-09-09',
        '2013-09-09'
    ),
    (
        20,
        '020467',
        'JJ',
        'Наталья',
        'Васильева',
        'Михайловна',
        '1987-10-10',
        '2014-10-10'
    ),
    (
        21,
        '123456',
        'AB',
        'Александр',
        'Смирнов',
        'Иванович',
        '1988-01-01',
        '2020-01-01'
    ),
    (
        22,
        '234567',
        'BC',
        'Елена',
        'Кузнецова',
        'Сергеевна',
        '1995-05-05',
        '2019-02-02'
    ),
    (
        23,
        '345678',
        'CD',
        'Игорь',
        'Попов',
        'Николаевич',
        '1980-10-10',
        '2021-03-03'
    ),
    (
        24,
        '456789',
        'DE',
        'Татьяна',
        'Новикова',
        'Викторовна',
        '1977-12-15',
        '2018-04-04'
    ),
    (
        25,
        '567890',
        'EF',
        'Максим',
        'Морозов',
        'Владимирович',
        '1990-07-20',
        '2022-05-05'
    ),
    (
        26,
        '678901',
        'FG',
        'Екатерина',
        'Васильева',
        'Владимировна',
        '1982-03-18',
        '2017-06-06'
    ),
    (
        27,
        '789012',
        'GH',
        'Андрей',
        'Соловьев',
        'Сергеевич',
        '1993-08-25',
        '2016-09-07'
    ),
    (
        28,
        '890123',
        'HI',
        'София',
        'Лебедева',
        'Денисовна',
        '1978-11-30',
        '2015-12-08'
    ),
    (
        29,
        '901234',
        'IJ',
        'Даниил',
        'Козлов',
        'Сергеевич',
        '1987-04-05',
        '2014-03-09'
    ),
    (
        30,
        '012345',
        'JK',
        'Ольга',
        'Иванова',
        'Михайловна',
        '1998-09-12',
        '2013-02-10'
    ),
    (
        31,
        '216191',
        'AA',
        'Владислав',
        'Петров',
        'Денисович',
        '1989-01-01',
        '2010-01-01'
    ),
    (
        32,
        '132622',
        'BB',
        'Анастасия',
        'Сидорова',
        'Александровна',
        '1984-02-02',
        '2012-02-02'
    ),
    (
        33,
        '536393',
        'CC',
        'Евгений',
        'Кузнецов',
        'Владимирович',
        '1981-03-03',
        '2015-03-03'
    ),
    (
        34,
        '414347',
        'DD',
        'Марина',
        'Новикова',
        'Игоревна',
        '1976-04-04',
        '2017-04-04'
    ),
    (
        35,
        '152845',
        'EE',
        'Павел',
        'Морозов',
        'Денисович',
        '1971-05-05',
        '2019-05-05'
    );

-- Добавление данных в таблицу bank
INSERT INTO
    cbr.bank (bank_id, bank_nm, address_txt)
VALUES
    (1, 'Сбербанк', 'Москва, ул. Вавилова, д. 19'),
    (2, 'Альфа-Банк', 'Москва, ул. Кутузовская, д. 24'),
    (3, 'ВТБ', 'Москва, ул. Мясницкая, д. 9'),
    (
        4,
        'Тинькофф',
        'Москва, Ленинградский проспект, д. 16'
    ),
    (
        5,
        'Газпромбанк',
        'Москва, ул. Новый Арбат, д. 36'
    ),
    (6, 'Райффайзенбанк', 'Москва, ул. Ленина, д. 10'),
    (7, 'Росбанк', 'Москва, проспект Мира, д. 20'),
    (8, 'Открытие', 'Москва, проспект Ленина, д. 30'),
    (
        9,
        'Россельхозбанк',
        'Москва, ул. Тверская, д. 25'
    ),
    (
        10,
        'ЮниКредит Банк',
        'Москва, ул. Новослободская, д. 40'
    ),
    (
        11,
        'Банк Восточный',
        'Москва, ул. Садовая, д. 15'
    ),
    (12, 'Совкомбанк', 'Москва, ул. Петровка, д. 50'),
    (
        13,
        'Промсвязьбанк',
        'Москва, ул. Преображенская, д. 35'
    ),
    (14, 'Бинбанк', 'Москва, ул. Лермонтова, д. 55'),
    (
        15,
        'Московский Кредитный Банк',
        'Москва, ул. Тульская, д. 60'
    );

-- Добавление данных в таблицу account_type
INSERT INTO
    cbr.account_type (
        acc_type_id,
        bank_id,
        start_dt,
        end_dt,
        acc_type_txt,
        replenishment_flg,
        transfer_flg,
        withdrawal_flg,
        comission_amt,
        min_balance_amt
    )
VALUES
    (
        1,
        1,
        '2020-01-01',
        '2023-03-15',
        'Текущий',
        true,
        true,
        true,
        0.0,
        1500.0
    ),
    (
        2,
        1,
        '2020-02-01',
        '2023-05-15',
        'Сберегательный',
        true,
        false,
        true,
        0.0,
        2000.0
    ),
    (
        3,
        2,
        '2020-03-01',
        '2024-07-20',
        'Депозитный',
        true,
        false,
        true,
        0.0,
        2500.0
    ),
    (
        4,
        3,
        '2020-04-01',
        '2023-08-15',
        'Текущий',
        false,
        true,
        false,
        0.0,
        3000.0
    ),
    (
        5,
        4,
        '2020-05-01',
        '2023-05-15',
        'Кредитный',
        true,
        false,
        true,
        0.0,
        3500.0
    ),
    (
        6,
        5,
        '2020-06-01',
        '2024-10-30',
        'Инвестиционный',
        true,
        true,
        true,
        0.0,
        4000.0
    ),
    (
        7,
        6,
        '2020-07-01',
        '2023-07-20',
        'Зарплатный',
        true,
        false,
        true,
        0.0,
        4500.0
    ),
    (
        8,
        7,
        '2020-08-01',
        '2023-05-15',
        'Резервный',
        true,
        false,
        true,
        0.0,
        5000.0
    ),
    (
        9,
        8,
        '2020-09-01',
        '2024-09-10',
        'Специализированный',
        true,
        true,
        true,
        0.0,
        5500.0
    ),
    (
        10,
        9,
        '2020-10-01',
        '2023-11-15',
        'Специальный',
        true,
        true,
        false,
        0.0,
        6000.0
    ),
    (
        11,
        10,
        '2020-11-01',
        '2023-12-20',
        'Учебный',
        false,
        true,
        true,
        0.0,
        6500.0
    ),
    (
        12,
        11,
        '2020-12-01',
        '2024-01-25',
        'Студенческий',
        true,
        true,
        true,
        0.0,
        7000.0
    ),
    (
        13,
        12,
        '2021-01-01',
        '2024-02-28',
        'Льготный',
        true,
        true,
        true,
        0.0,
        7500.0
    ),
    (
        14,
        13,
        '2021-02-01',
        '2024-03-30',
        'Ипотечный',
        true,
        false,
        true,
        0.0,
        8000.0
    ),
    (
        15,
        14,
        '2021-03-01',
        '2024-04-25',
        'Пенсионный',
        false,
        true,
        true,
        0.0,
        8500.0
    ),
    (
        16,
        15,
        '2021-04-01',
        '2024-05-20',
        'Текущий',
        true,
        false,
        false,
        0.0,
        9000.0
    ),
    (
        17,
        1,
        '2021-05-01',
        '2024-06-15',
        'Корпоративный',
        true,
        true,
        false,
        0.0,
        9500.0
    ),
    (
        18,
        2,
        '2021-06-01',
        '2024-07-10',
        'Клиентский',
        true,
        false,
        true,
        0.0,
        10000.0
    ),
    (
        19,
        3,
        '2021-07-01',
        '2024-08-15',
        'Специализированный',
        true,
        false,
        true,
        0.0,
        10500.0
    ),
    (
        20,
        4,
        '2021-08-01',
        '2024-09-20',
        'Текущий',
        true,
        false,
        true,
        0.0,
        11000.0
    ),
    (
        21,
        5,
        '2021-09-01',
        '2024-10-25',
        'Рассчетный',
        true,
        false,
        true,
        0.0,
        11500.0
    ),
    (
        22,
        6,
        '2021-10-01',
        '2024-11-30',
        'Детский',
        true,
        true,
        true,
        0.0,
        12000.0
    ),
    (
        23,
        7,
        '2021-11-01',
        '2024-12-31',
        'Инвестиционный',
        false,
        true,
        false,
        0.0,
        12500.0
    ),
    (
        24,
        8,
        '2021-12-01',
        '2025-01-31',
        'Кредитный',
        false,
        true,
        false,
        0.0,
        13000.0
    ),
    (
        25,
        9,
        '2022-01-01',
        '2025-02-28',
        'Зарплатный',
        true,
        true,
        true,
        0.0,
        13500.0
    ),
    (
        26,
        10,
        '2022-02-01',
        '2025-03-31',
        'Корпоративный',
        true,
        true,
        true,
        0.0,
        140000.0
    ),
    (
        27,
        11,
        '2022-03-01',
        '2025-04-30',
        'Резервный',
        true,
        true,
        true,
        0.0,
        14500.0
    ),
    (
        28,
        12,
        '2022-04-01',
        '2025-05-31',
        'Инвестиционный',
        false,
        true,
        true,
        0.0,
        15000.0
    ),
    (
        29,
        13,
        '2022-05-01',
        '2025-06-30',
        'Кредитный',
        true,
        true,
        false,
        0.0,
        15500.0
    ),
    (
        30,
        14,
        '2022-06-01',
        '2025-07-31',
        'Ипотечный',
        false,
        true,
        true,
        0.0,
        16000.0
    ),
    (
        31,
        15,
        '2022-07-01',
        '2025-08-31',
        'Депозитный',
        true,
        false,
        true,
        0.0,
        16500.0
    ),
    (
        32,
        1,
        '2022-01-01',
        '2025-09-30',
        'Зарплатный',
        true,
        true,
        true,
        0.0,
        17000.0
    ),
    (
        33,
        2,
        '2022-09-01',
        '2025-10-31',
        'Сберегательный',
        false,
        false,
        true,
        0.0,
        17500.0
    ),
    (
        34,
        3,
        '2022-10-01',
        '2025-11-30',
        'Депозитный',
        true,
        true,
        true,
        0.0,
        18000.0
    ),
    (
        35,
        4,
        '2022-11-01',
        '2025-12-31',
        'Текущий',
        true,
        false,
        false,
        0.0,
        18500.0
    );

-- Добавление данных в таблицу user
INSERT INTO
    cbr.user (user_id, passport_id, phone_num, email_txt)
VALUES
    (1, 1, '+12345678901', 'ivan@gmail.com'),
    (2, 2, '+19876543210', 'petr@gmail.com'),
    (3, 3, '+11223344556', 'maria@gmail.com'),
    (4, 4, '+15556667788', 'anna@gmail.com'),
    (5, 5, '+14443332211', 'dmitriy@gmail.com'),
    (6, 6, '+17778889900', 'elena@gmail.com'),
    (7, 7, '+16667778899', 'alexey@gmail.com'),
    (8, 8, '+13334445566', 'olga@gmail.com'),
    (9, 9, '+12223334455', 'artem@gmail.com'),
    (10, 10, '+11112223344', 'natalya@gmail.com'),
    (11, 11, '+12345678901', 'alex@gmail.com'),
    (12, 12, '+19876543210', 'ekaterina@gmail.com'),
    (13, 13, '+11223344556', 'mikhail@gmail.com'),
    (14, 14, '+15556667788', 'olga@gmail.com'),
    (15, 15, '+14443332211', 'vladimir@gmail.com'),
    (16, 16, '+17778889900', 'tatiana@gmail.com'),
    (17, 17, '+16667778899', 'denis@gmail.com'),
    (18, 18, '+13334445566', 'elena@gmail.com'),
    (19, 19, '+12223334455', 'sergey@gmail.com'),
    (20, 20, '+11112223344', 'natalya@gmail.com'),
    (21, 21, '+12345678901', 'alexander@gmail.com'),
    (22, 22, '+19876543210', 'elena@gmail.com'),
    (23, 23, '+11223344556', 'igor@gmail.com'),
    (24, 24, '+15556667788', 'tatiana@gmail.com'),
    (25, 25, '+14443332211', 'maxim@gmail.com'),
    (26, 26, '+17778889900', 'ekaterina@gmail.com'),
    (27, 27, '+16667778899', 'andrey@gmail.com'),
    (28, 28, '+13334445566', 'sofia@gmail.com'),
    (29, 29, '+12223334455', 'daniil@gmail.com'),
    (30, 30, '+11112223344', 'olga@gmail.com'),
    (31, 31, '+12345678901', 'vladislav@gmail.com'),
    (32, 32, '+19876543210', 'anastasia@gmail.com'),
    (33, 33, '+11223344556', 'evgeny@gmail.com'),
    (34, 34, '+15556667788', 'marina@gmail.com'),
    (35, 35, '+14443332211', 'pavel@gmail.com');

-- Добавление данных в таблицу account
INSERT INTO
    cbr.account (account_id, acc_type_id, cur_balance_amt)
VALUES
    (1, 1, 1000.00),
    (2, 2, 500.50),
    (3, 3, 3000.00),
    (4, 4, 1500.75),
    (5, 5, 2000.00),
    (6, 6, 7000.25),
    (7, 7, 400.00),
    (8, 8, 1200.00),
    (9, 9, 800.50),
    (10, 10, 600.75),
    (11, 11, 950.00),
    (12, 12, 2000.00),
    (13, 13, 300.00),
    (14, 14, 1800.50),
    (15, 15, 7000.25),
    (16, 1, 4000.00),
    (17, 2, 1000.75),
    (18, 10, 2200.00),
    (19, 11, 750.00),
    (20, 12, 1300.50),
    (21, 21, 8000.00),
    (22, 22, 1200.50),
    (23, 23, 300.00),
    (24, 24, 2500.75),
    (25, 25, 1500.00),
    (26, 26, 700.25),
    (27, 27, 900.00),
    (28, 28, 1100.00),
    (29, 29, 800.50),
    (30, 30, 1600.75),
    (31, 31, 750.00),
    (32, 32, 200.00),
    (33, 33, 1300.00),
    (34, 34, 1800.50),
    (35, 35, 700.25);

-- Добавление данных в таблицу registry
INSERT INTO
    cbr.registry (reg_id, user_id, account_id, open_dt, close_dt)
VALUES
    (1, 1, 1, '2023-01-15', '2023-09-18'),
    (2, 2, 2, '2023-02-20', '2023-05-12'),
    (3, 3, 3, '2023-03-10', '2023-10-25'),
    (4, 4, 4, '2023-04-05', '2023-08-10'),
    (5, 5, 5, '2023-05-12', '2023-07-02'),
    (6, 6, 6, '2023-06-20', '2023-11-10'),
    (7, 7, 7, '2023-07-02', '2023-11-30'),
    (8, 8, 8, '2023-08-10', '2023-09-18'),
    (9, 9, 9, '2023-09-18', '2023-12-31'),
    (10, 10, 10, '2023-10-25', '2023-07-02'),
    (11, 1, 11, '2023-11-10', '2023-05-12'),
    (12, 2, 12, '2023-12-05', '2023-06-20'),
    (13, 3, 13, '2024-01-02', '2023-08-10'),
    (14, 4, 14, '2024-02-14', '2023-02-20'),
    (15, 5, 15, '2024-03-20', '2023-04-05'),
    (16, 6, 16, '2024-04-08', '2023-03-10'),
    (17, 7, 17, '2024-05-15', '2023-01-15'),
    (18, 8, 18, '2024-06-20', '2023-12-05'),
    (19, 9, 19, '2024-07-12', '2023-11-30'),
    (20, 10, 20, '2024-08-30', '2023-06-20'),
    (21, 1, 21, '2024-09-18', '2023-09-18'),
    (22, 2, 22, '2024-10-25', '2023-05-12'),
    (23, 3, 23, '2024-11-10', '2023-10-25'),
    (24, 4, 24, '2024-12-05', '2023-08-10'),
    (25, 5, 25, '2025-01-02', '2023-07-02'),
    (26, 6, 26, '2025-02-14', '2023-11-30'),
    (27, 7, 27, '2025-03-20', '2023-09-18'),
    (28, 8, 28, '2025-04-08', '2023-12-31'),
    (29, 9, 29, '2025-05-15', '2023-07-02'),
    (30, 10, 30, '2025-06-20', '2023-05-12'),
    (31, 1, 31, '2025-07-12', '2023-03-10'),
    (32, 2, 32, '2025-08-30', '2023-09-18'),
    (33, 3, 33, '2025-09-18', '2023-12-31'),
    (34, 4, 34, '2025-10-25', '2023-07-02'),
    (35, 5, 35, '2025-11-10', '2023-05-12');