-- Добавление данных в таблицу passport
INSERT INTO cbr.passport (passport_id, passport_no, passport_series, first_nm, second_nm, birth_dt, issue_dt) 
VALUES 
(1, '123456', 'AB', 'Иван', 'Иванов', '1980-01-01', '2020-01-01'),
(2, '234567', 'BC', 'Петр', 'Петров', '1985-05-05', '2019-02-02'),
(3, '345678', 'CD', 'Мария', 'Сидорова', '1990-10-10', '2021-03-03'),
(4, '456789', 'DE', 'Анна', 'Иванова', '1975-12-15', '2018-04-04'),
(5, '567890', 'EF', 'Дмитрий', 'Павлов', '1995-07-20', '2022-05-05'),
(6, '678901', 'FG', 'Елена', 'Смирнова', '1982-03-18', '2017-06-06'),
(7, '789012', 'GH', 'Алексей', 'Козлов', '1993-08-25', '2016-09-07'),
(8, '890123', 'HI', 'Ольга', 'Федорова', '1978-11-30', '2015-12-08'),
(9, '901234', 'IJ', 'Артем', 'Морозов', '1987-04-05', '2014-03-09'),
(10, '012345', 'JK', 'Наталья', 'Ковалева', '1998-09-12', '2013-02-10'),
(11, '216191', 'AA', 'Александр', 'Иванов', '1990-01-01', '2010-01-01'),
(12, '132622', 'BB', 'Екатерина', 'Петрова', '1985-02-02', '2012-02-02'),
(13, '536393', 'CC', 'Михаил', 'Сидоров', '1980-03-03', '2015-03-03'),
(14, '414347', 'DD', 'Ольга', 'Козлова', '1975-04-04', '2017-04-04'),
(15, '152845', 'EE', 'Владимир', 'Федоров', '1970-05-05', '2019-05-05'),
(16, '668696', 'FF', 'Татьяна', 'Морозова', '1965-06-06', '2021-06-06'),
(17, '475079', 'GG', 'Денис', 'Ковалев', '1995-07-07', '2018-07-07'),
(18, '184888', 'HH', 'Елена', 'Смирнова', '1998-08-08', '2016-08-08'),
(19, '189890', 'II', 'Сергей', 'Павлов', '2000-09-09', '2013-09-09'),
(20, '020467', 'JJ', 'Наталья', 'Васильева', '1987-10-10', '2014-10-10');
(21, '123456', 'AB', 'Александр', 'Смирнов', '1988-01-01', '2020-01-01'),
(22, '234567', 'BC', 'Елена', 'Кузнецова', '1995-05-05', '2019-02-02'),
(23, '345678', 'CD', 'Игорь', 'Попов', '1980-10-10', '2021-03-03'),
(24, '456789', 'DE', 'Татьяна', 'Новикова', '1977-12-15', '2018-04-04'),
(25, '567890', 'EF', 'Максим', 'Морозов', '1990-07-20', '2022-05-05'),
(26, '678901', 'FG', 'Екатерина', 'Васильева', '1982-03-18', '2017-06-06'),
(27, '789012', 'GH', 'Андрей', 'Соловьев', '1993-08-25', '2016-09-07'),
(28, '890123', 'HI', 'София', 'Лебедева', '1978-11-30', '2015-12-08'),
(29, '901234', 'IJ', 'Даниил', 'Козлов', '1987-04-05', '2014-03-09'),
(30, '012345', 'JK', 'Ольга', 'Иванова', '1998-09-12', '2013-02-10'),
(31, '216191', 'AA', 'Владислав', 'Петров', '1989-01-01', '2010-01-01'),
(32, '132622', 'BB', 'Анастасия', 'Сидорова', '1984-02-02', '2012-02-02'),
(33, '536393', 'CC', 'Евгений', 'Кузнецов', '1981-03-03', '2015-03-03'),
(34, '414347', 'DD', 'Марина', 'Новикова', '1976-04-04', '2017-04-04'),
(35, '152845', 'EE', 'Павел', 'Морозов', '1971-05-05', '2019-05-05');

-- Добавление данных в таблицу bank
INSERT INTO cbr.bank (bank_id, bank_nm, address_txt) 
VALUES 
(1, 'Сбербанк', 'Москва, ул. Вавилова, д. 19'),
(2, 'Альфа-Банк', 'Москва, ул. Кутузовская, д. 24'),
(3, 'ВТБ', 'Москва, ул. Мясницкая, д. 9'),
(4, 'Тинькофф', 'Москва, Ленинградский проспект, д. 16'),
(5, 'Газпромбанк', 'Москва, ул. Новый Арбат, д. 36'),
(6, 'Райффайзенбанк', 'Москва, ул. Ленина, д. 10');
(7, 'Росбанк', 'Москва, проспект Мира, д. 20'),
(8, 'Открытие', 'Москва, проспект Ленина, д. 30'),
(9, 'Россельхозбанк', 'Москва, ул. Тверская, д. 25'),
(10, 'ЮниКредит Банк', 'Москва, ул. Новослободская, д. 40'),
(11, 'Банк Восточный', 'Москва, ул. Садовая, д. 15'),
(12, 'Совкомбанк', 'Москва, ул. Петровка, д. 50'),
(13, 'Промсвязьбанк', 'Москва, ул. Преображенская, д. 35'),
(14, 'Бинбанк', 'Москва, ул. Лермонтова, д. 55'),
(15, 'Московский Кредитный Банк', 'Москва, ул. Тульская, д. 60');

-- Добавление данных в таблицу account_type
INSERT INTO cbr.account_type (acc_type_id, bank_id, start_dt, end_dt, acc_type_txt, replenishment_flg, transfer_flg, withdrawal_flg, comission_amt, min_balance_amt) 
VALUES 
(1, 1, '2020-01-01', '2023-03-15', 'Текущий', true, true, true, 0.0, 1500.0),
(2, 1, '2020-02-01', '2023-05-15', 'Сберегательный', true, false, true, 0.0, 2000.0),
(3, 2, '2020-03-01', '2024-07-20', 'Депозитный', true, false, true, 0.0, 2500.0),
(4, 3, '2020-04-01', '2023-08-15', 'Текущий', true, true, true, 0.0, 3000.0),
(5, 4, '2020-05-01', '2023-05-15', 'Кредитный', true, false, true, 0.0, 3500.0),
(6, 5, '2020-06-01', '2024-10-30', 'Инвестиционный', true, true, true, 0.0, 4000.0),
(7, 6, '2020-07-01', '2023-07-20', 'Зарплатный', true, false, true, 0.0, 4500.0),
(8, 7, '2020-08-01', '2023-05-15', 'Резервный', true, false, true, 0.0, 5000.0),
(9, 8, '2020-09-01', '2024-09-10', 'Специализированный', true, true, true, 0.0, 5500.0),
(10, 9, '2020-10-01', '2023-11-15', 'Специальный', true, true, true, 0.0, 6000.0),
(11, 10, '2020-11-01', '2023-12-20', 'Учебный', true, true, true, 0.0, 6500.0),
(12, 11, '2020-12-01', '2024-01-25', 'Студенческий', true, true, true, 0.0, 7000.0),
(13, 12, '2021-01-01', '2024-02-28', 'Льготный', true, true, true, 0.0, 7500.0),
(14, 13, '2021-02-01', '2024-03-30', 'Ипотечный', true, true, true, 0.0, 8000.0),
(15, 14, '2021-03-01', '2024-04-25', 'Пенсионный', true, true, true, 0.0, 8500.0),
(16, 15, '2021-04-01', '2024-05-20', 'Сейфовый', true, true, true, 0.0, 9000.0),
(17, 1, '2021-05-01', '2024-06-15', 'Корпоративный', true, true, true, 0.0, 9500.0),
(18, 2, '2021-06-01', '2024-07-10', 'Клиентский', true, true, true, 0.0, 10000.0),
(19, 3, '2021-07-01', '2024-08-15', 'Специализированный', true, true, true, 0.0, 10500.0),
(20, 4, '2021-08-01', '2024-09-20', 'Доходный', true, true, true, 0.0, 11000.0),
(21, 5, '2021-09-01', '2024-10-25', 'Рассчетный', true, true, true, 0.0, 11500.0),
(22, 6, '2021-10-01', '2024-11-30', 'Детский', true, true, true, 0.0, 12000.0),
(23, 7, '2021-11-01', '2024-12-31', 'Инвестиционный', true, true, true, 0.0, 12500.0),
(24, 8, '2021-12-01', '2025-01-31', 'Кредитный', true, true, true, 0.0, 13000.0),
(25, 9, '2022-01-01', '2025-02-28', 'Зарплатный', true, true, true, 0.0, 13500.0),
(26, 10, '2022-02-01', '2025-03-31', 'Бизнес', true, true, true, 0.0, 14000.0),
(27, 11, '2022-03-01', '2025-04-30', 'Резервный', true, true, true, 0.0, 14500.0),
(28, 12, '2022-04-01', '2025-05-31', 'Инвестиционный', true, true, true, 0.0, 15000.0),
(29, 13, '2022-05-01', '2025-06-30', 'Кредитный', true, true, true, 0.0, 15500.0),
(30, 14, '2022-06-01', '2025-07-31', 'Ипотечный', true, true, true, 0.0, 16000.0),
(31, 15, '2022-07-01', '2025-08-31', 'Депозитный', true, true, true, 0.0, 16500.0),
(32, 1, '2022-01-01', '2025-09-30', 'Зарплатный', true, true, true, 0.0, 17000.0),
(33, 2, '2022-09-01', '2025-10-31', 'Сберегательный', true, true, true, 0.0, 17500.0),
(34, 3, '2022-10-01', '2025-11-30', 'Депозитный', true, true, true, 0.0, 18000.0),
(35, 4, '2022-11-01', '2025-12-31', 'Текущий', true, true, true, 0.0, 18500.0);

-- Добавление данных в таблицу user
INSERT INTO cbr.user (user_id, passport_id, age_num, phone_num, email_txt) 
VALUES 
(1, 1, '40', '+12345678901', 'ivan@example.com'),
(2, 2, '35', '+19876543210', 'petr@example.com'),
(3, 3, '30', '+11223344556', 'maria@example.com'),
(4, 4, '45', '+15556667788', 'anna@example.com'),
(5, 5, '29', '+14443332211', 'dmitriy@example.com'),
(6, 6, '42', '+17778889900', 'elena@example.com'),
(7, 7, '28', '+16667778899', 'alexey@example.com'),
(8, 8, '43', '+13334445566', 'olga@example.com'),
(9, 9, '36', '+12223334455', 'artem@example.com'),
(10, 10, '25', '+11112223344', 'natalya@example.com'),
(11, 11, '32', '+12345678901', 'alex@example.com'),
(12, 12, '37', '+19876543210', 'ekaterina@example.com'),
(13, 13, '42', '+11223344556', 'mikhail@example.com'),
(14, 14, '47', '+15556667788', 'olga@example.com'),
(15, 15, '52', '+14443332211', 'vladimir@example.com'),
(16, 16, '57', '+17778889900', 'tatiana@example.com'),
(17, 17, '27', '+16667778899', 'denis@example.com'),
(18, 18, '26', '+13334445566', 'elena@example.com'),
(19, 19, '24', '+12223334455', 'sergey@example.com'),
(20, 20, '37', '+11112223344', 'natalya@example.com');
(21, 21, '33', '+12345678901', 'alexander@example.com'),
(22, 22, '28', '+19876543210', 'elena@example.com'),
(23, 23, '41', '+11223344556', 'igor@example.com'),
(24, 24, '44', '+15556667788', 'tatiana@example.com'),
(25, 25, '31', '+14443332211', 'maxim@example.com'),
(26, 26, '39', '+17778889900', 'ekaterina@example.com'),
(27, 27, '31', '+16667778899', 'andrey@example.com'),
(28, 28, '46', '+13334445566', 'sofia@example.com'),
(29, 29, '37', '+12223334455', 'daniil@example.com'),
(30, 30, '26', '+11112223344', 'olga@example.com'),
(31, 31, '35', '+12345678901', 'vladislav@example.com'),
(32, 32, '40', '+19876543210', 'anastasia@example.com'),
(33, 33, '43', '+11223344556', 'evgeny@example.com'),
(34, 34, '48', '+15556667788', 'marina@example.com'),
(35, 35, '53', '+14443332211', 'pavel@example.com');

-- Добавление данных в таблицу account
INSERT INTO cbr.account (account_id, acc_type_id, cur_balance_amt) 
VALUES 
(1, 1, 1000.00),
(2, 2, 500.50),
(3, 3, 3000.00),
(4, 4, 1500.75),
(5, 5, 200.00),
(6, 6, 700.25),
(7, 7, 400.00),
(8, 8, 1200.00),
(9, 9, 800.50),
(10, 10, 600.75),
(11, 11, 950.00),
(12, 12, 2000.00),
(13, 13, 300.00),
(14, 14, 1800.50),
(15, 15, 700.25),
(16, 1, 400.00),
(17, 2, 1000.75),
(18, 10, 2200.00),
(19, 11, 750.00),
(20, 12, 1300.50);
(21, 21, 800.00),
(22, 22, 1200.50),
(23, 23, 300.00),
(24, 24, 2500.75),
(25, 25, 1500.00),
(26, 26, 700.25),
(27, 27, 900.00),
(28, 28, 1100.00),
(29, 29, 800.50),
(30, 30, 1600.75),
(31, 31, 750.00),
(32, 32, 2000.00),
(33, 33, 1300.00),
(34, 34, 1800.50),
(35, 35, 700.25);


-- Добавление данных в таблицу registry
INSERT INTO cbr.registry (reg_id, user_id, account_id, open_dt, close_dt) 
VALUES 
(1, 1, 1, '2023-01-15', '2023-09-18'),
(2, 2, 2, '2023-02-20', '2023-05-12'),
(3, 3, 3, '2023-03-10', '2023-10-25'),
(4, 4, 4, '2023-04-05', '2023-08-10'),
(5, 5, 5, '2023-05-12', '2023-07-02'),
(6, 6, 6, '2023-06-20', '2023-11-10'),
(7, 7, 7, '2023-07-02', '2023-11-30'),
(8, 8, 8, '2023-08-10', '2023-09-18'),
(9, 9, 9, '2023-09-18', '2023-12-31'),
(10, 10, 10, '2023-10-25', '2023-07-02'),
(11, 1, 11, '2023-11-10', '2023-05-12'),
(12, 2, 12, '2023-12-05', '2023-06-20'),
(13, 3, 13, '2024-01-02', '2023-08-10'),
(14, 4, 14, '2024-02-14', '2023-02-20'),
(15, 5, 15, '2024-03-20', '2023-04-05'),
(16, 6, 16, '2024-04-08', '2023-03-10'),
(17, 7, 17, '2024-05-15', '2023-01-15'),
(18, 8, 18, '2024-06-20', '2023-12-05'),
(19, 9, 19, '2024-07-12', '2023-11-30'),
(20, 10, 20, '2024-08-30', '2023-06-20'),
(21, 1, 21, '2024-09-18', '2023-09-18'),
(22, 2, 22, '2024-10-25', '2023-05-12'),
(23, 3, 23, '2024-11-10', '2023-10-25'),
(24, 4, 24, '2024-12-05', '2023-08-10'),
(25, 5, 25, '2025-01-02', '2023-07-02'),
(26, 6, 26, '2025-02-14', '2023-11-30'),
(27, 7, 27, '2025-03-20', '2023-09-18'),
(28, 8, 28, '2025-04-08', '2023-12-31'),
(29, 9, 29, '2025-05-15', '2023-07-02'),
(30, 10, 30, '2025-06-20', '2023-05-12'),
(31, 1, 31, '2025-07-12', '2023-03-10'),
(32, 2, 32, '2025-08-30', '2023-09-18'),
(33, 3, 33, '2025-09-18', '2023-12-31'),
(34, 4, 34, '2025-10-25', '2023-07-02'),
(35, 5, 35, '2025-11-10', '2023-05-12');